patient_state,avg_population,avg_density,avg_age_median,avg_age_under_10,avg_age_10_to_19,avg_age_20s,avg_age_30s,avg_age_40s,avg_age_50s,avg_age_60s,avg_age_70s,avg_age_over_80,avg_male,avg_female,avg_married,avg_divorced,avg_never_married,avg_widowed,avg_family_size,avg_family_dual_income,avg_income_household_median,avg_income_household_under_5,avg_income_household_5_to_10,avg_income_household_10_to_15,avg_income_household_15_to_20,avg_income_household_20_to_25,avg_income_household_25_to_35,avg_income_household_35_to_50,avg_income_household_50_to_75,avg_income_household_75_to_100,avg_income_household_100_to_150,avg_income_household_150_over,avg_income_household_six_figure,avg_income_individual_median,avg_home_ownership,avg_housing_units,avg_home_value,avg_rent_median,avg_rent_burden,avg_education_less_highschool,avg_education_highschool,avg_education_some_college,avg_education_bachelors,avg_education_graduate,avg_education_college_or_above,avg_education_stem_degree,avg_labor_force_participation,avg_unemployment_rate,avg_self_employed,avg_farmer,avg_race_white,avg_race_black,avg_race_asian,avg_race_native,avg_race_pacific,avg_race_other,avg_race_multiple,avg_hispanic,avg_disabled,avg_poverty,avg_limited_english,avg_commute_time,avg_health_uninsured,avg_veteran,avg_Ozone,avg_PM25,avg_N02
AK,3343.1346045,58.377648461250004,41.1176515175,12.0529545455,10.728993507,11.089740259500001,11.566293292000001,10.77951298475,15.562608225,18.785459955,7.49071428525,1.96932900425,50.27599026,49.72400974,44.4643722925,13.65996753,32.30360931,9.5760281375,3.4574553572499998,53.16079636,64745.4754275,3.10730700575,4.8243016794999996,4.078965791,6.785162367,4.495055692,8.642569484,15.00486752,15.89374185,11.81749371125,13.374164262499999,11.9677735485,25.3419378075,29170.4628575,72.446496665,1235.9708369,230964.465925,1008.277999925,25.084681415,9.50494588775,40.0708549775,28.67628247,15.678755411249998,6.066888528,21.74564394,40.237959065,61.0426190475,12.06163600275,14.10131868,0.07470310375,50.6984145025,0.9987445887499999,3.1530898265,35.122310605,0.45583874425,0.77539502175,8.78959415475,4.47452922075,17.2147077925,17.585270565000002,1.37613237925,13.946757225,18.3076623375,7.8495616885,,,
AL,10464.180883461539,300.96644675000005,40.41935105769231,10.75965458223077,13.480310328461538,14.168217086153845,12.002753734384616,11.987449910846154,13.644254570769231,12.688379826461539,7.645227620846153,3.6313416860769228,50.02103436923077,49.97896563076923,44.73393827923076,14.898815351538461,33.505198600769226,6.862859970307692,3.2288036059230767,44.03148098230769,54783.59322923077,3.9667857893076923,3.781881558076923,5.709013162692307,5.569808629461538,5.428951745538462,10.896989185615384,13.442508885384616,17.36557458153846,11.507902659538463,12.533712469846154,9.801887377384615,22.33559984846154,28276.191913076924,69.10194992307692,4077.723143923077,150024.56106923075,844.3430101307692,30.80652610076923,14.086103470000001,31.731623992307693,30.764337845384617,14.453346887846154,8.966264466538462,23.419611353076924,38.03414969076923,55.197448082307695,6.380077397615385,11.590892397461538,2.6393883984615387,65.58890440461538,27.631014537307692,1.2359598114615384,0.5148331213076923,0.033318821692307696,1.5469895739230768,3.4534594018461537,4.512673908538462,17.289978858461538,17.470499200769233,0.9370477447692308,26.130902893076925,10.61743998123077,9.035296380538462,39.153127302307695,8.577593236307694,11.292372351076922
AR,8009.005450384615,535.5447390530769,43.14614615,10.941915124538461,11.95078471153846,11.608044932230769,11.32937197353846,11.579714998692308,13.540658915384615,14.909212313846155,9.688548103230769,4.45212514676923,50.32300522461538,49.67709872538462,49.36443761923077,15.237975206153845,27.06415202461539,8.335639454307692,3.1316222227692307,42.8761228776923,51009.15714923076,3.6807956324615385,3.6535709370769234,6.513885045,6.458676755769231,6.6909915984615385,11.883992838076923,13.873421463076921,17.73121727923077,11.283057528384616,10.774248391307692,7.4592789697692305,18.233527361538464,27983.127843846156,72.52158526461538,3170.709111476923,131553.64674923077,756.9601881307692,29.50950389846154,14.826023311,37.42659376923077,27.81046201538462,12.535460335230768,7.396576555538461,19.932036890769233,40.28243791615385,52.598923020769234,5.782506098461538,12.53765349553846,5.913635440846154,75.60221271615384,15.726653165692309,1.4272609813076922,0.5659377921538462,0.25933519446153847,2.211546655230769,4.204924757153846,5.406038403769231,21.771628106153848,17.337105644615384,1.4807702036153847,25.893481616153846,8.138847,8.581513897692307,38.39779810307692,7.917979469153845,9.673739320769231
AZ,19826.605713,946.459477322353,43.27934941882353,10.567211212705883,12.160455933705881,11.930685314176472,11.663597319176471,11.365505763764705,13.476769613529413,14.53936965,9.717364103941176,4.57997523982353,51.16880907235294,48.83119092764706,49.13037960352941,13.612187962529411,31.11968114647059,6.137519089411764,3.209868111647059,45.60684346470588,71149.3806935294,3.808055172058824,2.6521157343529413,3.976230030235294,3.9519418005294122,4.650874497941176,8.619968016647059,12.108143900117646,17.771057212941177,12.779525175764705,14.598683605,15.087534747294118,29.68621835117647,34191.6942,69.42134140764705,7053.381670411764,347878.1512470588,1248.045323182353,32.71228243647059,13.02718967835294,25.27618531647059,32.90101284352941,17.844118321764707,10.949844720705883,28.793963041176468,42.23461008411765,55.5505280182353,6.654015143823529,12.455748190588237,0.9125420314117647,68.36554032176471,2.9438949805294117,5.832182066411765,7.388105295411765,0.15456323488235293,7.288649530647058,8.026470736588236,25.773907928058826,15.76849892452941,14.746090994117647,4.644680667352941,27.774381087058824,9.363431494117648,9.331834685941176,45.08554738823529,5.450830782647059,17.137532115294118
CA,25510.271489870967,2132.1129058030647,39.986669102419356,10.644652401080645,12.71798264685484,14.161721171064517,13.614173553451613,12.150871330016129,12.85622929951613,12.436985600467741,7.398117525935484,4.013139256612903,50.36756181193548,49.6325054466129,45.49256853370967,11.731003416032259,37.634567348870966,5.140949598419355,3.345433329806452,52.52284133258064,87985.01156951614,3.4178360865161292,2.1086320377580647,3.971982254,3.4580064418709675,3.497226540564516,7.4079939331935485,9.676073452903225,14.870311053532259,11.944363289290322,16.165000937596773,23.48024374732258,39.64524468564516,40415.65943290322,55.66535648290323,8718.878582611289,681429.5207822581,1702.002210932258,33.459315699516125,13.81240995417742,20.3375399166129,28.450350421129034,22.22072747769355,15.178940521161291,37.399667998709674,48.32436584370968,61.43421589758064,7.077853315693548,15.898541656225806,0.5160422070483871,57.70805344483871,6.888440113967741,12.414812646935484,1.622504447032258,0.31715637730645163,11.739592662532257,9.31164140751613,30.910920986564516,11.979885188516128,13.635124408532258,7.735609882580645,28.558191793225806,6.8023909284999995,5.777387570774193,41.652666165161286,7.454566036677419,15.406308879790323
CO,12334.80853505,475.08227712549996,43.036239486,9.7934155254,11.82163274095,11.842925325500001,12.72297458465,11.71595960905,13.751368250850001,15.52573875325,8.80818399705,4.0256912029,51.228037883,48.772090322000004,51.9087805245,13.11067393835,29.506489505,5.46988161795,3.0220896375999997,52.5738776445,75945.1797835,2.7135046528499998,2.3455334369500003,3.6263812738,3.6279997295500004,3.8747884225999996,8.5832422114,11.3318165265,17.35075293605,13.024433196850001,17.1588745822,16.36590781175,33.524782394,38458.5805925,72.74715420999999,4776.10556435,402539.23022499995,1285.88951214,31.463471765999998,7.674328828599999,24.79004708565,30.1698770535,22.878608471,14.4893157938,37.367924263999996,46.848326186,62.777357301500004,4.8647235999000005,15.4539282055,3.7744938924499998,83.1915053795,2.07480689895,1.8908303812500002,1.6134569240499999,0.10986265865,3.8263574888000003,7.29708144005,19.5720219546,13.41104738635,11.136714875900001,2.0357012315,26.0387768245,7.949986704600001,9.31048832445,45.3482196075,4.68814118145,16.32625552375
CT,71374.13158,17326.40789,36.47631579,12.98684211,11.31842105,14.97105263,17.25526316,12.63157895,11.46052632,9.789473684,6.0,3.581578947,47.66842105,52.33157895,39.92368421,10.23947368,44.64210526,5.186842105,3.412105263,53.44736842,74499.71053,4.334210526,3.305263158,5.863157895,4.460526316,4.042105263,7.589473684,9.897368421,13.54210526,10.74210526,14.88947368,21.31842105,36.20789474,39491.78947,29.93157895,25922.55263,870873.1842,1678.447368,35.21315789,16.2,24.33421053,18.44736842,24.37105263,16.65526316,41.02631579,40.85789474,64.19736842,7.184210526,18.14594595,0.002702703,44.1,28.83157895,11.20526316,0.515789474,0.068421053,9.184210526,6.089473684,18.96052632,10.19473684,18.64210526,14.17368421,42.50263158,6.392105263,1.755263158,37.72273969,7.879794792,27.49636707
DC,25266.51852,6156.214815,33.05384615,8.061538462,16.83076923,22.80769231,17.65,10.32307692,9.076923077,7.819230769,4.946153846,2.507692308,46.20384615,53.79615385,27.42692308,7.888461538,61.80384615,2.884615385,2.851363636,60.37272727,102388.7727,5.331818182,3.013636364,3.272727273,2.654545455,1.863636364,5.268181818,6.413636364,12.14090909,11.34090909,16.10454545,32.62272727,48.72727273,55627.26923,42.65909091,11483.51852,663513.4762,1778.181818,32.64090909,5.869230769,10.63846154,13.23076923,25.02307692,45.24230769,70.26538462,50.69230769,66.32307692,6.673076923,15.32727273,0.009090909,50.51153846,32.94615385,6.638461538,0.323076923,0.1,3.803846154,5.684615385,11.69615385,9.4,19.01666667,3.195454545,26.68461538,2.876923077,3.507692308,39.56564765,7.716444193,16.86895024
DE,22083.775380000003,1879.4431773333333,40.42788000833333,10.799681716499999,12.448773625000001,13.419611636666666,13.1686428335,11.485081195666666,13.566776821666666,13.863052187000001,7.2471110523333335,4.014597342,49.591094534999996,50.40988585666667,44.09800451833333,12.659858216666665,37.52655059833333,5.716394701333333,3.1327554746666664,52.546592874999995,79607.46961166667,3.1481503511666666,2.423015325666667,3.4952168515,3.279053843,3.5936934160000003,9.000456902333333,11.161093477333333,15.233826448333332,13.297317755,16.117706031666668,19.257147978333332,35.37485401166666,39927.88098833334,67.51592181666668,8557.905643666667,295977.64201666665,1260.1584055,31.165824024999996,9.5955222635,27.426967036666667,25.4586983,22.135656023333336,15.3800880765,37.515744098333336,40.91898880833333,63.60698146666667,6.1321389716666665,11.263784426666666,0.136797747,67.26813690333333,18.190081681833334,4.263350842333334,0.5541887275,0.053047818833333336,3.6041319576666666,6.066769822333334,13.345384558500001,12.550064572666665,12.441339045666666,3.056977412166667,27.18393501,6.768795110666666,6.411997742333333,41.02955228166667,7.682526225833333,20.598189928333333
FL,21315.079634,1495.1812141674359,43.35560682846154,10.270650878846153,12.161693779384617,12.14219120374359,11.818636369051282,11.926516527948719,13.929684433846152,13.249733229358975,9.503439467025641,5.001032543358974,49.76597147435897,50.234202987692306,47.955766626153846,13.85580886079487,31.40994426974359,6.7780805819743595,3.1768078842820513,47.6499094874359,70230.2995023077,3.366769830615385,2.4634847476153845,4.194737562923077,4.03620023225641,4.298380677461538,9.076023695589743,12.44157384576923,17.138961769999998,12.371529918384615,14.954644806410256,15.658095527897435,30.61274033384615,34386.94491871795,69.40088062820512,7895.959786717948,313867.46509230766,1307.7083899230768,34.1041465225641,11.623537487333333,29.09921015205128,28.921407520512822,18.431969374153848,11.922746540538462,30.35471591435897,41.86553552461538,57.303545420769225,5.560259199487179,13.22052579948718,1.0010784583333334,71.36214000410256,12.605985591025641,3.873768913846154,0.38649430882051283,0.05825067664102564,4.789746954666667,6.9204079460769234,18.79085567476923,14.221843098641026,13.385272260076922,4.72115584751282,29.296491731538463,10.404813407923077,8.072233807589743,37.837202007,7.4682682879,14.595313752250002
GA,16277.07936484,672.0405041035999,39.982348796000004,10.96982169084,13.4915174304,14.3374406452,12.419936142000001,11.7402907528,13.3696228268,12.33678117116,7.5756362678,3.76484204508,50.2197577208,49.7803057712,44.15557003199999,13.663879004,35.5326860128,6.64796604892,3.2835156316400003,46.5404281876,61121.8521036,4.35709785176,3.16295455796,5.37410647632,4.98504874984,5.0888220698,9.82610230732,12.67718104208,16.8372296884,12.252819824000001,13.51639858804,11.91995089716,25.436349485199997,31029.3134016,64.8619060056,5925.5766546,240309.9042964,1032.312790832,32.6468528424,14.91632891608,31.100808028800003,28.5246954624,15.35642028148,10.10273455596,25.4591548376,39.1679137912,58.5233788628,6.22078448328,12.82531569404,2.02064066268,60.7497348644,27.58452097332,2.9666491463200004,0.43726774804,0.07858081852,3.63209275284,4.5458701064,10.609857065199998,14.90014815316,16.75605803764,2.45862156724,27.071390686,12.84208905524,8.64088969284,39.7748362936,8.53965883412,12.23214439436
HI,17426.237985,1450.05477275,39.582972135000006,8.975362873,11.358097785,23.624025975,11.26344538,9.944232236000001,10.904392668,12.1322765455,7.466119175,4.3440412525,55.966883115,44.033116885,40.92555386,10.266806724,43.50156608,5.315202444500001,3.3635064935,54.617532465,84262.852425,2.9746753249999998,2.6370129870000003,3.131818182,2.842857143,2.9967532465,6.751948052,9.685064935,15.860389609999999,13.454545455,18.212987015,21.467532464999998,39.68051948,35425.36804,58.504545455,6002.6035715,667384.0356000001,1718.6862375,32.93090909,6.3812070285,31.30752483,30.032009170000002,20.11569901,12.179182579999999,32.29488159,51.036019734999996,68.061115355,5.641774892,11.829625,1.3618750000000002,32.123987774999996,3.020970206,31.191978605,0.517723453,9.896867839,2.5979373565,20.656111535,11.07288006,12.134686145,10.638311689,6.868831169,23.341748369999998,5.171969697,15.4620346335,,,
IA,6298.880676714285,186.75520643000002,41.84750734190476,12.294540826047617,12.90259821190476,11.408799861142857,11.852489987666667,10.937694359761904,13.870235979999999,14.154769827142857,7.937262422190476,4.652137301904762,51.086377049999996,48.913810847142855,54.39207431285714,12.170058394904762,27.336560815238094,6.098098243523809,2.9924974224285714,56.55975194047619,65426.495384285714,2.453450261904762,2.179755632,3.82774582552381,4.276607291761905,4.222168516571428,8.612155032285713,13.556412692380954,19.881798837142856,15.108829242380953,16.20154348666667,9.675783316666667,25.877326803809524,34880.269187619044,76.24270016380953,2559.7890042857143,142732.48184142855,764.2783663238095,24.157613915714286,7.565157898428572,36.40677067857143,34.13701436666666,15.761873924285712,6.1280588780952385,21.88993280190476,38.48318873619048,65.59514003190476,3.8426194999523813,14.255068698714286,9.880169117238095,90.82474180714286,2.8647454434761905,1.2506826051428572,0.37572354780952383,0.10048303352380952,1.1400543572857142,3.444184043380952,5.457727259428571,13.10931301095238,10.725876079809524,1.2807235556190475,21.845771084285712,5.032698895095239,7.980111488238096,36.44083072904762,7.103558481761905,9.823382398952381
ID,11989.402774125,415.923953708375,42.7746480375,11.191058542625,13.4255291225,10.6004549,11.00669624625,11.168707120125,13.33435907625,15.29118167375,10.235874259500001,3.738067038,50.99194784625,49.00850087125,55.37511534375,13.558040268375,25.19742108125,5.86621217375,3.276262859375,50.19054828125,66746.06005375,2.29819607,2.127561884375,4.306275855,4.416550788125,4.292930138125,9.608237919625001,13.705780887875001,20.58604899125,12.4395539725,14.23150584175,11.989099532125,26.220605375,31500.02687,74.37030019375,4140.642379,305762.65674999997,1030.0937401125,26.977287914999998,9.692333386375001,28.39455201125,35.6045143175,17.85597271,8.4505431195,26.30651582875,46.364768839999996,58.107572196250004,4.150569664125,12.67712180875,4.790317347625,84.5737635025,0.7561726497500001,3.3417323168750004,1.667203979625,0.216085470125,4.139254945375,5.3102351402500005,13.442181219624999,15.416475304750001,11.877670275,2.7910421322500003,24.8811984325,10.698436028375,9.507063004499999,41.40531066,4.671536981875,11.71450429175
IL,11608.869921433334,799.8781405386667,41.926784459000004,11.234892848766666,13.005436865666667,11.899541148966668,12.084874104666666,12.053156373666667,13.862317531,13.276557105366667,7.9604977668000005,4.618774368766666,50.052251778,49.94786979533333,51.30071322166667,12.183220031,30.051200517666665,6.465913961266667,3.0555323757666666,52.023928513,71180.29614,2.9384104725666664,2.3156300623666666,3.5733819606666666,3.845707655433333,4.242054078833333,8.414455855433333,12.437282976099999,17.928111285333333,13.5434409332,16.66453367233333,14.099539203733334,30.764072875333333,36412.676806999996,75.13341506166667,4540.74184239,182112.15383133333,971.5157639433332,28.760054817666667,8.704574408633333,31.621503002,31.528662683999997,16.931441103933334,11.212743953999999,28.144185057666668,41.48624227366667,61.44537794566667,5.839608738133333,12.400925305666668,4.182673888533333,83.75356936233334,6.912706551133334,2.9308696061333337,0.1995929547,0.03755473213333334,2.1861699977333333,3.9783633739999997,7.543039562433334,13.798472299466665,11.2692517289,1.7639267174,26.99691856633333,5.955155474133333,7.521563380533333,37.49326534833333,7.666137845966667,15.441443621266666
IN,9874.893784285714,337.25209401380954,40.63640123047619,12.010394455761904,13.333150102857143,12.007823908666667,11.879948505,12.041916466666667,13.46938133047619,13.170203436190477,7.827253031952381,4.259056973809524,50.18258747666666,49.81752590190476,50.08279864238096,14.35467331095238,29.080031073809522,6.4864239730952375,3.0854544942857145,50.77167395,61632.53304761904,2.996671454095238,2.2774548293809525,3.9913375946666667,4.335675753190476,4.932022318571429,10.386058653476189,13.664409416190475,19.547473183809522,14.35910604852381,14.668244521,8.847915699142858,23.51616021952381,32307.26829904762,74.70413521,3891.8531122380955,142119.64602285714,836.0478369952381,27.48270782,11.257161313333333,37.99567448809524,29.35558294047619,13.745495787714287,7.643736554095238,21.38923234238095,40.23320180904762,61.54174129,5.1890310373809525,10.121035931571429,3.075592359142857,85.74750700142857,7.682265609047619,1.162584932047619,0.1772532097142857,0.030793997333333333,1.6388774962380954,3.560999231714286,4.911898446571429,15.692327078571427,12.989731564238095,0.9207830427142857,25.797616381428572,7.911001071761904,8.170121271714285,37.78710461809524,7.921670064095237,13.086673384904762
KS,6931.837085,247.50021600891668,40.06149817666667,12.888281739166667,13.961581984166665,12.046169284416665,12.044747496666666,10.702343510833332,13.026631709166667,13.673047964666665,7.044196369083333,4.6015553054166665,50.80377185583333,49.19622814416667,53.92171306083333,11.951755305666666,27.818656594999997,6.311595050499999,3.1980931435,55.27507984,65396.005066666665,2.869241908833333,2.2285491419166665,3.6772621695833334,4.337445578666666,4.451463095666667,9.139426613,13.724877996666669,19.448753172500002,13.443457788333333,15.915238063333334,10.772420480083333,26.687658544166666,34508.97604583333,71.80455030583333,2665.39116435,148350.98286166668,865.3846089166667,26.752205916666668,9.595764187416666,30.5275347,32.52480972916667,18.354246855833335,8.995687395,27.349934249166665,41.18114662,64.016495385,4.14468791,14.013273359166668,9.132507878416666,83.963794775,4.234921333,1.9338381683333334,0.7977678588333333,0.046942197,3.10362489275,5.925288796083334,12.765971361333333,14.449714609166668,11.215314310583333,2.7790809025833334,21.293038913333334,9.77957313575,7.701101866166667,39.879574921666666,6.3675501180000005,13.132007220333334
KY,8649.44035088125,229.61194098571875,42.3373940425,10.8543404525625,12.5955482034375,11.76444626009375,11.4267540076875,12.27839903909375,14.9582791015625,14.0593306840625,8.30150417509375,3.76090418115625,50.318098615,49.682005551875,50.08294660125,15.68643062,26.56776454125,7.66511101434375,3.125515547625,41.534126738124996,51548.35013375,4.26177296728125,5.294761185875,6.42714001790625,6.1168384723125,6.017230331,10.62080501046875,14.4087837704375,17.158915043125,10.922075598187499,11.37950059096875,7.40136669146875,18.7808672820625,26579.1603990625,75.00162204875,3425.603899425,132897.91524562502,764.2451257,32.2781507990625,17.5436032199375,37.656822706875,26.328654911875,10.59286648940625,7.87622887853125,18.46909536915625,38.67763840875,51.01746315625,6.66854631559375,10.32208590040625,5.0580764022187505,91.19321882,4.2468147140625,0.8379146136875,0.12417161065625,0.06707307290625,0.85019248584375,2.67593100934375,3.165565733125,22.249877138125,20.59806933240625,0.7106694315312501,27.4730490490625,6.61074366928125,6.79521526615625,39.5802065390625,7.3749824816875,8.91776025090625
LA,11767.540482,770.9997935992858,39.143170225,11.645908144285714,13.628505462857143,13.779506404285714,13.065704171428573,11.580848152142858,13.086046668571429,12.073326425714285,7.214780142142857,3.9333447365,48.99414772071429,51.00585227928571,41.64409788,14.610160157857143,36.938815340000005,6.807169267857143,3.289225418857143,43.286487154285716,52220.706025,5.088617632285714,4.885798899428571,6.717940774571429,6.144828400714286,5.924113723785714,10.346689582928573,12.22864648,15.54933213,10.913505122785713,12.762267517928573,9.435164893642858,22.19743241071429,28192.26777714286,67.65760555,4532.914197071428,162482.39082857143,872.9880080357143,37.12748552214286,15.722963944,36.12757892142857,26.62002548857143,13.4256299955,8.106006264785714,21.531636260714286,39.552310396428574,56.20155816285715,7.7339302199999995,12.427927360714287,2.129546087,61.334469698571425,31.349503175,1.5825026762857142,0.7006286275714286,0.06196010942857143,1.6298088892142857,3.343264945142857,4.698683797428572,17.270123206428572,20.87325317642857,1.9116109318571428,27.99272064214286,8.68243661507143,6.2642066678571435,37.981994226428576,8.7207904545,14.158763405785715
MA,18396.75,927.83,42.57105263,12.02105263,12.55789474,11.44736842,11.64473684,12.87368421,14.92105263,13.61315789,7.1,3.852631579,49.87105263,50.12894737,57.13421053,9.423684211,28.96578947,4.473684211,3.264054054,61.31351351,145530.2222,1.089189189,1.043243243,1.386486486,1.775675676,2.240540541,2.794594595,5.486486486,9.102702703,10.23513514,19.95945946,44.87837838,64.83783784,63484.72222,76.82432432,6652.725,624393.0625,2000.4,29.38518519,6.155263158,13.58684211,18.37894737,28.18684211,33.68684211,61.87368421,54.57894737,67.25,3.915789474,19.99722222,0.297222222,60.48947368,13.50263158,12.03947368,0.247368421,0.073684211,5.963157895,7.689473684,15.91052632,9.321621622,5.127027027,5.740540541,34.19142857,4.4,7.228947368,39.44732281,6.7646405,19.71160923
MD,16316.901747799999,849.016249082,42.514716404,10.8631847098,12.480075198,11.938918338799999,12.1318425874,12.107942400999999,14.643888687,13.319970993999998,8.1331458579,4.3815900288,49.847594842,50.152405158,50.936526778,11.5284740144,31.302163383,6.231058749800001,3.1256512301,56.788402784000006,100238.1702,2.2774695402,1.5139547178000001,2.5818349455,2.4080299823,3.1392350491,6.0857088115,9.1322030371,14.1916640003,12.595722873,18.760708004,27.310489474,46.07119748,46905.242758,73.559383725,6060.5702911,374636.4964,1466.13384787,30.977600395999996,8.8112137615,27.416794314000004,25.110554045,20.444131711700003,18.2192559456,38.663387656,48.246643038,64.150510721,5.4299342286,13.587962279100001,0.7286204088,66.89412431299999,18.818309311300002,4.850246701600001,0.2288750492,0.0298155379,4.3692664527,4.8112136585,8.8319651701,11.7227842763,8.8215509736,2.5806350796,33.142505911,5.300215806900001,8.8943676643,40.455260929999994,7.191875174800001,17.6498201847
MI,14077.896771347825,711.4501376578261,42.7192252752174,10.639702761,11.96521719652174,12.829623449086956,11.629942338434784,11.376772944695654,13.923883895652175,14.513177367869565,8.766888503913043,4.347433095565218,50.18039246956522,49.81960753043478,47.545355466956515,13.736334565217392,32.47928597956522,6.237509434,3.0307372608695653,47.66611355391304,61583.45433869565,3.255531238130435,2.8335731441304346,4.513323436391304,4.550146096478261,4.692313876130434,10.056299868391305,13.728231959347827,18.616800510869563,13.03391478421739,13.999809900217391,10.721496853652173,24.72130675304348,32524.82217043478,73.70027625,5658.185313047826,170260.58759304348,898.5491668956522,30.135533209130436,9.150805778217391,31.36609067565217,31.955055695652174,16.91165488521739,10.620322864173913,27.531977748260868,41.05893835869565,58.72497454826087,6.564350693695651,11.089368893478262,1.3608940742608695,79.43124838086956,11.841133216695653,2.057326287434783,0.7205872003913044,0.03753977013043478,1.5651698986956522,4.346197113086957,5.682386643608695,15.68764592347826,14.302700185869565,1.3941286399565218,25.04451865,6.256220466043478,7.568501943782609,38.35834078173913,7.386044737521739,15.250661252434782
MN,9995.395219736842,412.6489668947368,42.59302340736842,11.58722235536842,12.728874565789473,11.40084316068421,11.74373395863158,11.347914275789474,13.942224849473684,14.210941926842105,8.463860122105263,4.580587153368421,50.97274870157895,49.02739655105263,53.28375206842105,11.81540602,29.165897644210524,5.735112347368421,3.0398782545789476,56.30603045842105,73388.13369736842,2.2459823166842106,2.000930464842105,3.8521774145789474,3.5617356479473683,3.5748754698947365,7.948441547947368,12.18069191368421,18.81745439368421,14.265954727894737,17.335136808947368,14.221210653315788,31.55634746210526,37078.99116894737,77.81024704210526,3866.8132190105266,238759.23941578946,973.7437890789473,26.977682810526318,7.643707279894738,30.748410940526313,33.946760086842104,18.41737165736842,9.245805279210527,27.663176936842103,42.998765890526315,64.28318456684211,4.330072992736842,13.15460413631579,6.524263247210526,86.07771025684211,2.8582410754736842,3.150311244,1.968852766105263,0.09140466942105263,1.7525006593157897,4.101783616052631,5.468477956052631,12.518267250789473,10.099534535947368,1.501948905736842,25.082963025789475,5.947031312210527,7.7411660672631575,36.67720844947369,5.905077659157894,11.798337263473684
MO,8034.9213855454545,234.3052219076818,42.04440289818182,11.273221029636364,13.068330347272727,11.482616366181817,11.281717813272728,11.210846749181819,14.165757801363638,14.069409335909091,9.231505130181818,4.220797714090909,50.45934834136363,49.54089997545454,51.61022971727273,14.460375110454544,26.687858696363637,7.2416031508181815,3.161500914181818,48.730346974999996,56577.117858181824,3.2209949385,3.0942411713636364,4.9957669761363634,5.058567868363636,5.220164457136364,10.65635841090909,15.336166013181817,19.172359983636365,12.367679101727274,12.937719742772726,7.935407370818182,20.873127113636365,29611.669182727273,74.64508237,3215.426450840909,146099.41970363635,745.3065969545455,27.317700419999998,12.443867071181819,38.64038689227272,28.50260499590909,13.234147293318182,7.1770917177727265,20.41123901118182,38.52025293954546,57.64857043772727,4.9435257717272725,12.355530057863637,9.609981259181819,88.78640335954546,5.289234551590909,0.9382960449090909,0.47938603872727276,0.11225088322727274,0.7849835169545454,3.607184378727273,3.067793443409091,17.782383578636363,15.12713508268182,0.5711723741818182,26.204231919999998,11.997817657727273,9.069047718909092,38.122292706818186,7.169226659909091,9.8820788585
MS,7020.888912461538,114.97303923153846,40.053748780769226,11.114474461076924,14.290593016153847,13.531470186923077,11.323601661538463,11.58274987230769,13.34251395,12.752081260769232,8.138907705461538,3.929579496846154,48.32122751538462,51.678986159999994,42.43932069461538,14.369947819230768,35.171646363076924,8.017923585692309,3.2970919913076924,41.572749484615386,45389.72866384615,4.980638746461538,4.712374696846154,8.124350828384616,7.056060342846154,6.156121238692307,11.342484041692309,12.83990078923077,17.748020894615387,10.82636245246154,9.836051886615385,6.3822507,16.218302588461537,24580.878485384615,71.95709992,2639.8951534615385,112983.44744076923,741.8273592076923,33.39919359076923,16.591587306153848,32.10405615384615,31.84659427846154,12.142913506076923,7.311180774538461,19.45409427923077,35.646423452307694,52.722112041538466,7.273418493,12.475602543076924,4.105298055538461,54.68808060384616,41.13381722153846,0.7728291042307693,0.30225481684615385,0.06215895484615385,1.1470385456153847,1.8939913736153846,2.456170432307692,18.93070440153846,22.149643453076923,0.6027029278461539,27.56483748230769,13.215263641153847,7.397006639692307,38.41134804076923,8.495573540846154,8.408816145692308
MT,7998.719584088889,99.0610308738889,45.963703863333336,10.095308629666667,11.381765775555557,10.351350665222222,10.435741798111112,10.028001664777777,14.175601219999999,18.508249917777775,10.272238508888888,4.752137664666666,51.80684378555556,48.19389695555556,55.639583475555554,13.271376701000001,24.70063489777778,6.389066478111111,3.0413026984444445,49.52504946777778,60443.02423555555,2.6585169214444444,2.678418384,4.9163128617777785,4.606549156888889,5.057525111555555,11.126519834111113,13.083330100555555,19.32094203777778,11.510212315444445,14.083134683333334,10.964619950444444,25.047754632222222,30997.026234444445,76.94907915666666,3336.5216212777777,246640.41335555553,853.6386510555556,25.207170602222224,7.293559943666667,30.854581511111107,34.44774341,19.176039955555556,8.225573160444444,27.401613117777778,43.36198292444445,57.37679402777778,3.8723135064444443,13.231135846666668,7.8459997662222225,89.5718757988889,1.2250344883333333,0.4955099952222223,3.828204776555556,0.03458677166666667,1.1471337134444444,3.6919631722222226,4.221296924,15.576745784444446,13.462496753333333,0.40857429577777776,23.171358752222222,9.808015734555555,10.840625227,39.76032006888889,4.259890425111111,7.331997955888888
NC,18929.095681625,1171.465613855,41.21559982958333,10.15704816175,13.861994659583333,13.713528403666666,11.826160394458334,11.81965942125,13.562053689999999,12.845369864916668,8.311346153625001,3.9012947935833338,49.014178977916664,50.985821022083336,45.214927555416665,13.156127756166667,35.107285632916664,6.51718910925,3.0983176440416664,48.844744335416664,62345.38215541667,3.6159324052083335,2.902055263125,5.20750516075,4.793276962166667,5.027848014791666,9.956960500208334,12.994469168499998,17.513402746249998,12.039262853750001,13.826420924583333,12.123104747874999,25.949525672916668,31502.36886458333,66.373557925,7366.352688374999,227458.7207208333,1016.3575033000001,32.77508390333333,12.116614488041668,27.355218977083336,30.5034226325,18.60847305829167,11.411991171375,30.02046423,41.59311765666667,58.919075998333334,5.9329102635833335,12.741619704083334,1.0885228339166668,66.90997033708334,21.312877587958333,2.314765963,0.8951456262916667,0.05033735216666666,3.9877414564583336,4.5310771973333335,10.151280232541668,14.40724820475,14.718931069791667,2.4686884770833335,26.293337691666668,10.603434638416667,7.37450069675,39.407194233333335,7.782083145375,13.061927587333335
ND,9658.95728,429.072530785,40.7133335225,11.42396569,16.68295502,12.700572927749999,11.06187106125,9.72260196025,11.9906214425,13.2286340875,8.23002297425,4.94966820475,52.741260822499996,47.258739177500004,51.8635637375,9.04145543775,32.970924945,6.12194121675,3.2408474157500002,58.56366364,69855.945955,2.63147886975,2.37195749975,3.306130908,3.8375013305000003,3.306464898,7.63356530775,11.1227811625,16.640500585,13.180605305,22.51462902,13.4606643875,35.975293405,36378.043245,73.482052375,4222.619033875,173701.50065,789.69103535,24.0466904775,6.5750787952500005,26.4496558625,36.4232992525,21.511674545,9.049235779,30.560910325000002,44.867343075,64.1800419575,3.83976893,14.94621319,14.285859180000001,89.2791362875,2.1723171565,1.21388604075,3.7296503569999997,0.06415992625,0.7986163325,2.741352434,3.3344986519999997,11.8091576775,9.607490153,1.0458683735,20.941641365,6.5308651025,8.8284750695,36.8465429075,5.041222081,8.53241129275
NE,4928.573236777778,229.71038949244445,42.426011012222226,11.891218665555556,13.192723704444445,11.313005978888889,11.081953479888888,10.718012681888888,13.426320535555554,14.804183371333332,8.722277338222222,4.867034124888889,51.5489613,48.451703683333335,57.79208996,10.560288228444444,25.564783094444444,6.086497498444444,2.9984022335555554,59.376977468888896,67360.31679333333,2.0290949054444445,1.9218019644444442,3.5716512856666665,3.900574697333334,4.183709718555556,9.01785756311111,13.542622386666666,19.60946723,14.768169203333334,16.09996732333333,11.355787906777778,27.45575523,34241.02764888889,75.5309336088889,1947.7551283666664,153096.90331111112,806.6032028555555,23.39949349222222,7.45732726511111,30.71601695,35.42744350888889,18.360820426666667,8.036910775555556,26.397731203333333,41.700090262222226,65.80986265777778,2.8879880831111113,16.934922178222223,13.612228660444446,90.48377546111111,1.8383511624444442,1.204117052888889,1.359854512111111,0.06932903122222221,1.5585260536666665,3.4869649314444446,6.563083570222222,13.36813450888889,9.474887920666667,1.3331201163333333,21.493963434444442,8.214134438777778,8.211695762888889,39.58798727222222,6.021159557666667,10.662453842666666
NH,33840.18519,1214.018519,38.1,12.78518519,12.24074074,13.2037037,14.92962963,14.41481481,12.91111111,11.19259259,5.737037037,2.611111111,50.48518519,49.51481481,49.72592593,14.36666667,32.01111111,3.892592593,3.23,62.83846154,90399.12,2.118518519,1.544444444,1.940740741,1.962962963,2.381481481,5.188888889,9.181481481,21.27777778,14.47777778,19.62592593,20.30740741,39.93333333,45597.84615,65.86296296,12592.51852,428446.2917,1625.2,32.30416667,11.15555556,21.37037037,26.4037037,25.57407407,15.50740741,41.08148148,47.03846154,73.21851852,3.985185185,13.21851852,0.118518519,70.9037037,7.440740741,5.32962963,1.844444444,0.12962963,5.255555556,9.088888889,24.48518519,9.685185185,8.677777778,3.418518519,29.53461538,7.288888889,7.07037037,44.91253382,6.586438522,28.61560675
NJ,37480.580038,6382.4335641,39.015433021,11.564639276200001,13.666491712000001,13.326517577,13.3362416975,12.853222937999998,13.511864429,11.661833624100002,6.4401794009,3.6378620042999996,49.573501688,50.426498312,46.070711265,10.505378781900001,38.208110608,5.2154207987,3.4411882661999997,56.05977295300001,86630.661599,3.4921240086,2.537659523,3.9043314014000003,3.2568060111999997,3.4437183323,7.147138248199999,9.8691464607,14.616126984,12.123328373,16.311002085000002,23.301312643,39.612314726,39271.101613,55.573269155000006,12749.0774481,523644.09955000004,1544.29766974,33.922346122,15.756858189299999,23.925512721,23.568893823,21.698432619,15.0545001197,36.752932739,44.949950109999996,63.278326381,6.9863778412,15.67455991,0.20743032859999996,50.257077907,17.6961060872,11.5946471705,0.4850253748,0.07273203019999999,12.9453202756,6.9414171122,28.0325560009,10.757195665000001,13.9345300853,10.1396319021,36.67939698,8.6642407245,3.8291522249000005,38.199817288999995,7.7942078296999995,22.4124766352
NM,9210.92139675,239.14552902225,43.32193026833334,10.144112139083333,11.6335190645,10.945252519083333,11.168108841333334,10.68547957925,14.5361134025,15.5353049525,10.08085285225,5.27258904275,50.397229638333336,49.602770361666664,46.0586804425,13.970789553333333,32.09824451666667,7.872856311666667,3.3809003295833335,41.48164210583334,56387.033215,4.150672815416667,3.7387942769166664,5.796147714,6.528534432250001,6.226902692583334,10.32905677525,13.19163103325,17.6933809875,10.4565353625,11.916278084,9.97190729925,21.888185384166665,30194.6386375,75.80926692666667,3476.877236875,212946.4890666667,885.523135625,29.358174180833334,14.572685066666667,30.476889125833335,32.311282733333336,12.91748481875,9.71439014975,22.631874968333335,42.205373424166666,52.926250530000004,6.920680198833334,9.884745836666667,3.715833096166666,64.5004565675,1.4870059228333332,2.301570531,14.265861030750001,0.10925215216666666,8.211408974666666,9.12324309325,34.260604628,18.871118604083332,18.284263176,5.50239051525,26.372645210833337,10.2836404265,9.252844936,44.76485635166667,4.18239049875,12.958765574666666
NV,20314.841607333332,691.7197953266667,42.872174975,9.937979242333334,12.568209425,11.868157384166667,12.175310479666665,11.291534636666666,13.654872123333334,14.547986026666665,9.848722732333334,4.103837228666667,51.602838393333336,48.397161606666664,47.29146945166667,15.511415861666668,31.135429125,6.060568878833333,3.1464556205,44.91509854166667,70178.72029333333,3.8828021815000002,2.2782921655000004,4.333088023166667,3.584660470333333,4.424565402,9.032533104833334,11.297475170333334,17.835730413333334,13.339504498333334,15.685077668333333,14.31200959,29.99708726,34210.536706666666,65.512308165,7377.6164193333325,330645.15091666667,1223.6970323333333,31.14551947833333,12.080027646333333,28.20355899333333,33.94075173666667,15.701693053333335,10.080794114,25.782487166666666,43.88773879166666,56.227627471666665,6.745697133,10.704796854666666,0.3284553131666667,69.69419887166667,5.5555036724999995,4.6802163346666665,2.8012404263333335,0.5305144373333334,7.911102713333334,8.8278768865,25.630761415,14.303593635,14.379122783333335,3.4320367541666665,25.66054737,10.3479988255,9.7863298325,47.35787406833333,5.1319422685000005,18.245810201666668
NY,15955.615369173078,2484.9744381884616,42.253011175,10.268042721807692,12.672629219076924,13.016755174711538,11.903958559980769,11.793735753384615,14.05216202096154,13.24919925951923,8.125062990346153,4.918824787673077,49.675021804230774,50.32524308134615,46.350785868076926,12.152826811423077,35.12053661442308,6.375033465288462,3.123677377576923,51.81318640057692,77426.1550803846,3.266919072365385,2.440531845346154,4.178501107576923,3.900144454192308,3.761434290576923,8.018931955442309,10.84143918775,16.397818847903846,12.99446364025,16.186942684230768,18.016519895653847,34.20346257903846,38267.0879525,66.14106029596154,5909.250211417308,330010.79435961536,1249.4954187153846,33.68898559788461,10.435008839826924,28.36567685307692,27.51239356673077,18.599026333076925,15.090028063115385,33.68905439576923,42.95648300730769,60.48152017903846,6.174191837653846,11.547338639865385,0.5309839710384615,74.38255924057692,10.356778804096155,5.067459362288462,0.44516469898076927,0.034918373384615384,4.506612514076923,5.2077195760192305,12.234986643461538,13.536933857346154,12.99345232701923,3.7587692500192307,28.682280437307693,5.399067621211539,6.473946799365384,39.009166345192305,6.0519406213076925,16.553218183403846
OH,12452.024024,526.8743661462858,41.10297267114286,11.2877671118,13.157076503428572,12.874091808142857,11.681161747857143,11.875403276285715,13.785742027428572,13.212107303514287,7.782388402542857,4.347075008085715,50.01392037485714,49.98613064571429,47.93929642371429,13.64126375582857,31.86135984314286,6.557057794542858,3.0594725472857145,49.65819355514285,62337.961800000005,3.2797589036,3.184573089428571,4.401343947028572,4.733699417428571,4.684999784828571,9.831328321342857,13.264233881342857,18.672047630285714,13.127891957628572,14.409451130228572,10.407678748857142,24.817129879142858,31936.261842,69.977647632,4945.2621875714285,164134.15294571428,880.0658455,28.802785457142857,10.304332283485714,36.79904092742857,29.278788495714284,15.022525009685715,8.597256675885713,23.619781685142858,41.39306967257143,60.58740840428571,5.852423060657142,10.011378633942858,2.1723909352285715,82.44696626142857,9.955071368028571,1.5878242999714287,0.36007648462857145,0.03443371802857143,1.3958374379999998,4.220728710657143,5.028943421628571,15.4928127648,14.801022929371427,1.2185358546571428,25.480622528,7.309763428542857,8.457212678057143,39.219733719714284,7.8404203788,15.039822709314285
OK,5892.454900285715,162.80825423364286,41.016704495,12.084937792142856,13.557753667857144,11.828430592142857,11.634166373571428,11.571442289928571,13.227881300000002,13.451411260214286,8.595408539428572,4.043318799714286,50.860631835,49.139368165,50.721611103571426,15.43515444142857,26.256914650714286,7.587538993857143,3.181919719357143,44.95408318357143,53245.13541928572,3.4938847185,3.2867895474999997,5.697268185214286,5.338058369214286,5.485407003571429,11.609418249785715,14.132466927142858,18.93356139642857,11.833966302214284,12.535204514785715,7.655583204571428,20.190787717142857,28764.190130714287,73.46086310928571,2269.6634370285715,116977.70631071427,744.6268995642857,26.18889154642857,12.898634167142857,37.164763525714285,30.39812297357143,13.316060564214284,6.2271594945,19.54322005857143,38.63400365642857,55.68291225357143,5.877980304642857,12.401534578571429,12.067981145714285,71.7975093142857,4.572811077642858,0.956084565,10.228577959571428,0.1136987455,2.1907091957142857,10.139691020357144,7.807251791785715,20.371996798571427,16.83315605,1.1461351722857143,24.573026735000003,16.544943034285716,9.198155602785715,40.42044500357143,7.403510003285715,10.172704469142857
OR,17640.445738076924,862.3287078246153,43.14593248076923,10.43264838323077,11.680280183692307,11.782476718923077,12.963051162153846,11.96403204,12.849697666923078,14.96095186676923,9.093822935615385,4.264454969384615,50.97004307153846,49.02995692846154,50.23660857,14.001924459230768,30.15764778076923,5.604028364846154,3.088840472615385,48.32025794692308,70435.20335461538,3.271585925846154,2.461808360769231,4.10015464876923,4.240074527615385,4.393400268923077,8.88267949723077,12.00208010376923,17.635590828461538,12.633089946923077,15.337291190769232,15.043374646,30.38066583769231,33975.10250846154,66.24135002,6520.792777461538,384385.7244307693,1208.2673478076924,30.73658497846154,11.021483925230768,25.929131629999997,33.334043330769234,18.45603066076923,11.259871697615385,29.715902357692308,48.82576293692308,57.657047632307695,5.984915921076923,12.271531618923076,2.5918448355384616,76.05084743692308,2.681714458923077,4.480228407461539,1.5484012165384617,0.25304210815384615,7.121267645769231,7.864139909076924,19.455910613076924,16.633588259923076,13.37128486123077,3.4304689162307693,26.233535740769234,7.293605286692308,9.290875141846154,39.124460363846154,5.083394489615385,12.950341632692309
PA,12587.606120489361,1406.789111827234,43.152624977446806,10.344020529787233,12.290778880829787,12.126989348702129,11.601292134574466,11.671194660361701,14.230548638297872,13.70996462582979,8.784204864255319,5.238237253,49.61460463170213,50.38553905446808,48.41674112234043,12.35388287006383,31.934087639574464,7.296117811382978,3.0491443250425534,51.442375982127665,68187.29173553191,3.122871629595745,2.5995831155106384,4.4189600172127665,4.422180592085106,4.642146738148936,8.943233899085106,12.841024243255319,17.840285515340426,13.41043530780851,15.282709629574468,12.477357821787235,27.76006745212766,33453.78325553191,70.89129927468086,4841.045938561702,208706.40514893614,991.035332387234,29.54592294680851,10.25936832238298,38.54313835148936,24.50139444085106,16.434984936468084,10.260678766617021,26.695663702340426,41.92813696531915,60.2617427512766,5.761946615957447,9.099461027276595,0.8403091728510638,83.44851106319149,7.557656416574469,2.162705635468085,0.1763290680212766,0.033918073531914894,2.725112027957447,3.89745907293617,8.003485248765957,15.688892443829788,12.68721286219149,2.2855706109148937,27.42938581191489,6.108739442574468,7.663189528297872,39.55899032148936,7.808685272234042,15.876441915659573
PR,25186.0,2368.142857,36.58333333,13.0,12.56666667,16.16666667,13.58333333,11.65,12.25,10.2,6.383333333,4.233333333,49.25,50.75,41.05,12.35,40.86666667,5.716666667,3.103333333,49.26666667,56933.33333,2.383333333,3.183333333,4.8,5.95,5.466666667,9.683333333,15.5,16.91666667,11.98333333,12.53333333,11.58333333,24.11666667,29575.16667,50.0,9320.857143,182134.5,1195.0,34.38333333,16.15,32.41666667,26.4,16.15,8.916666667,25.06666667,47.86666667,61.71666667,9.766666667,10.12857143,0.0,61.63333333,11.51666667,3.516666667,0.45,0.016666667,11.58333333,11.3,40.6,15.6,18.2,12.11666667,22.95,8.166666667,5.333333333,39.1642914,10.57861152,19.38147032
RI,71374.13158,17326.40789,36.47631579,12.98684211,11.31842105,14.97105263,17.25526316,12.63157895,11.46052632,9.789473684,6.0,3.581578947,47.66842105,52.33157895,39.92368421,10.23947368,44.64210526,5.186842105,3.412105263,53.44736842,74499.71053,4.334210526,3.305263158,5.863157895,4.460526316,4.042105263,7.589473684,9.897368421,13.54210526,10.74210526,14.88947368,21.31842105,36.20789474,39491.78947,29.93157895,25922.55263,870873.1842,1678.447368,35.21315789,16.2,24.33421053,18.44736842,24.37105263,16.65526316,41.02631579,40.85789474,64.19736842,7.184210526,18.14594595,0.002702703,44.1,28.83157895,11.20526316,0.515789474,0.068421053,9.184210526,6.089473684,18.96052632,10.19473684,18.64210526,14.17368421,42.50263158,6.392105263,1.755263158,37.72273969,7.879794792,27.49636707
SC,13379.528407545453,358.53597805000004,41.318785704545455,10.269450775636363,14.059191109090909,12.954141934545454,11.069274430272728,11.468481712727273,13.714042004545455,14.305723269363636,8.368205958545454,3.8021158224545455,49.36750229363636,50.63249770636364,44.41635292272727,13.751866649090909,34.56367651,7.2686169835454555,3.1415719956363635,44.59483675090909,55309.76648636363,4.452441423727273,3.104303636727273,5.606912057909091,5.570585257181818,5.5659436805454545,10.537933923909092,13.675691645454547,18.673389383636366,11.509167054545456,12.298987866818182,9.006854229272728,21.305842095454548,28167.352951818182,72.40393586454546,5152.4090476363635,167998.78161818182,919.3260324181817,32.65599086545455,13.724906741818183,32.98654111363636,29.25917356,14.968267095818181,9.054781898818181,24.023048994545455,39.06096533727273,55.95721448363636,6.417883136272727,10.852369327545453,1.464668398909091,60.92629299090909,32.229755274545454,1.1543462858181819,0.3092107813636364,0.043364975363636364,1.8134086473636364,3.520432725090909,5.091325366454545,15.981250006363636,16.519659484545453,0.9438683052727274,27.56746248090909,11.057383559181817,7.950676189272727,39.08871246454545,8.190714264,10.55845632890909
SD,2529.694438,36.18483890866667,42.067930940000004,13.007136136666666,13.03249299,11.186520216666667,10.991751406666667,10.142772891333333,13.80138994,14.789970509999998,8.847901015333333,4.203300261,51.27537128,48.72579208333334,56.01297195666666,10.418223223666667,27.277390946666667,6.299683973666667,3.197738744,57.997331153333334,66727.23788,3.0602352053333335,2.4619129133333333,3.424226727666667,3.874808071,4.447724274666666,8.097729832666667,12.683305546666666,18.836759146666665,14.771367433333333,16.069041323333334,12.273227069999999,28.342268389999997,33334.51269333333,78.57883709,989.1235957666668,164400.03046666665,732.9183947666667,22.873979196666667,7.821201724333334,33.393143323333334,33.85517589333333,18.581574576666668,6.344954604000001,24.92652918,42.80307933,63.834704810000005,3.5064081026666667,19.631553633333333,17.64143819,87.76832101000001,0.7059197116666667,0.40140248966666664,6.940633665,0.024939367,0.9301653626666666,3.231142301666667,3.1115653426666667,11.437873678666667,12.144535592333334,0.481964267,21.417158869999998,9.482691330333333,8.637064343666667,39.37007878,4.850257198333334,7.971097695
TN,12481.42982925,449.03191358,41.250123034375,10.2587059038125,12.488088288125,14.663661951875,11.9172141326875,11.940166925125,13.650955047250001,12.9964378381875,8.22037193475,3.8683764314375,50.415145040625,49.584854959375,47.72209951625,14.311584428,31.210274365,6.7570564194375,3.06342069125,47.20124046875,57722.1008125,3.7757611724375,3.1543318624375,5.351396929875,5.2821197201875,5.0569192505,10.5761695546875,13.5913536008125,17.753623843125,12.1528935603125,13.13219554025,10.1727231579375,23.304918696875,29926.142871875,69.3755558325,4887.612108875,217645.10903125,929.8692843,30.291804706875002,12.893350916,35.560376665,26.774045961875,15.541694664625,9.2286960403125,24.770390704375,41.42739257125,58.323666863125,5.637832817,13.36412475875,3.8260682758124998,78.510700153125,12.0229076301875,3.457392824,0.2575476301875,0.37921877731250003,1.3480160065,4.0195086846875,4.3146890706875,17.498478586250002,15.495253623625,1.48894334525,26.29012898125,10.2526149508125,8.90154468175,40.582038812666674,7.8284241018,9.145778925933334
TX,16007.293238221875,871.3334708853125,38.98971714609375,11.70840672734375,14.163633885859374,14.206459539125,12.386049444171874,11.643187832359375,12.3680592596875,11.991032947265625,7.6042863303125,3.927354323546875,50.496613276875,49.5034886253125,48.339348276875,13.009236613953124,32.394506455,6.25767750178125,3.266383255190476,48.97841755746032,64919.614462539685,3.3593628183492066,2.8839431053174605,4.7223569335396824,4.410368856888889,4.662400000396826,9.573775874555555,12.72537180184127,17.851952683349207,12.32333257406349,14.701124699603174,12.787067830920634,27.488192531587302,32596.24716109375,67.26340103253969,5804.451455107813,216810.93339968254,1032.0108489492063,30.037795197301588,14.64389109765625,28.70767473296875,30.12219556328125,17.2900145421875,9.236350566234375,26.526365108125,41.74587107515625,59.3234938325,5.364604148671875,13.515814874079366,5.120748990904762,71.96382287125,10.80410599640625,3.0486161281874997,0.658502465140625,0.1109287695,5.06150000075,8.35095155603125,27.81485378796875,14.749301346375,14.47549226084127,4.968491506269841,25.8379566675,14.83934445221875,7.791929353859375,39.62857717546875,7.54797807184375,13.582525108703125
UT,21124.915746666666,765.595177835,35.46687384166667,12.978936466666667,14.890926658333333,17.225886206833334,12.5662530475,11.523964901666666,10.782125969833332,10.625848877166666,6.056989287166666,3.3433067459999997,51.009814705,48.99043039166667,54.14565002166666,10.435821148499999,31.326787394999997,4.092398494833334,3.492837849666667,58.277947960000006,77420.21438666667,2.408976034833333,1.5282437116666667,3.0897578726666666,3.1197930285,3.738122895666667,7.602277678499999,11.679958407500001,18.46377253,14.448848286666667,17.961775103333334,15.951304218499999,33.913079323333335,34180.73744833333,70.348024855,6831.8870065,371401.54335,1233.8834697666668,28.69159855,8.556072102,24.134210261666666,35.757465015,21.509859441666666,10.045689332,31.555548771666665,42.66487721166667,64.35165299666666,3.9405596509999996,10.885800475833333,2.2545656011666666,79.672307775,1.2607763911666667,5.644183136166667,1.4759207376666668,0.5722342994999999,6.060480466166666,5.316755620666666,16.494292563333335,11.333808093500002,10.853835908666667,2.7641097248333337,23.622031885,10.1961860285,5.752648178166666,45.24034866666667,6.151130834499999,17.1317655755
VA,13172.843336733333,995.5389172446667,42.607084279999995,9.857563773999999,12.253430456433334,13.576306722033333,12.069618589866668,11.531138993133334,14.284313865866666,13.4611904078,8.804898917200001,4.162178542833334,50.17062563866667,49.82964552533333,48.40943956700001,12.500064557766667,32.060577423666665,7.030209052866667,3.0776999725333334,50.98212136366667,77028.08729299999,3.136498815,2.1796789511666663,3.6749524136000002,4.0491414426,4.022877554433333,8.3553706696,11.6830606719,16.797304566666664,12.524139014766666,15.742213034833332,17.831731202933334,33.57394423666667,38033.414539666664,68.90073242333332,5003.368771653333,300690.89843666664,1210.94872059,30.428504339000003,11.691967837133332,29.100462769333333,26.939524218333336,18.3736406553,13.895179298833334,32.268819955333335,45.69121028633334,60.749146699,5.143498237633334,11.316043215333334,1.8029072689333332,70.47114012966667,17.485625842466668,4.441422071666667,0.37256163566666667,0.0784723943,2.243912920833333,4.907230011133334,7.578821759933334,14.178237868566667,11.795729936599999,2.1921666716333332,29.41390192133333,7.779923800866667,10.130845964333334,39.93957133033334,6.9268660040666665,13.3477647299
WA,16277.174623875,1132.90679842,41.070735238124996,10.6237631718125,12.5128943295,13.42946932375,13.272679559375,11.83192367625,12.83579555125,13.452435804250001,8.3293787626875,3.71145754275,50.971886375625,49.028225231875,48.46098624625,13.39262543375,32.795254399375,5.3461715165,3.0885511705,51.06292455125,74340.092920625,2.9507347178125,2.1797049240625,3.9675506101875,3.4592732344375,3.7155929463125,8.637106513875,11.80392948675,17.466979016875,13.490627989375,16.351613786875,15.9729597686875,32.324573555,36632.28808875,63.491833532499996,6111.0508140625,402413.72914375,1240.48677273125,29.43258664875,11.9121893688125,24.376137290625,33.06700495125,18.91464064125,11.7352184450625,30.649859086875,45.9697504125,59.8129429125,6.0583593205625,10.618206301,1.3087559535,72.5886533,3.6218481815,5.729127035625,2.3915303068125002,0.42073627543750003,7.4339616824375,7.8101941064375,18.6086139444375,15.1606164893125,12.768051903,4.3402076439999995,27.567492429375,7.5749585394375,9.1265317111875,38.858918630625,5.57774002575,15.398106251625
WI,11342.026820571427,478.954800790619,42.939999064285715,11.098397238999999,12.627301047,11.450223935190476,11.806870506238095,11.56845107895238,14.414044584666666,13.888668240095239,8.623474940380952,4.532320069761904,51.076356679999996,48.923643320000004,52.56048597476191,12.213366090809524,29.50662271190476,5.719626237095238,2.972316366,54.635403728095234,68953.11256142857,2.486077183142857,1.694739892190476,3.7448050526190477,3.488831886857143,4.204862736809524,8.803121187857144,12.433626245285714,19.268560717619046,14.459181082380951,17.220353734285716,12.191679671000001,29.4120334052381,35784.87685666667,74.62905011047619,4545.375092971428,205106.81744761908,901.8639291761905,26.281359655714287,8.17094037552381,32.90017693047619,32.21563990095238,17.66137614095238,9.053643683619047,26.71501982428571,42.11390830809524,63.21701921333333,3.771798427047619,10.911474411190476,3.488075158095238,85.84644111761905,4.3874130880476185,2.008494263904762,1.2966722985714287,0.03596193719047619,2.1760197253809523,4.253014473571429,7.797730408476189,12.556507637142856,10.583802590142858,1.454080043142857,24.5937404,6.221999164523809,8.015990606619047,37.59511933904762,6.5780785959047625,13.54882478942857
WV,3174.4120084583333,94.33303558833335,45.453950893333335,9.464656511583334,12.066807914499998,10.668089590416665,10.184050320833334,12.585529139166667,13.504798589166667,16.1377481175,10.98346240125,4.406024038333333,49.539536285,50.46067739,49.07852554916667,14.332197875,27.018971233333332,9.565862179666667,3.26039200875,36.742917123333335,50602.40827166667,3.7653142121666665,4.5469677661666665,6.813565812499999,7.16845277175,5.7480425857499995,11.238905175,14.6548962425,17.600493213333333,10.873541179083333,10.764840203333334,6.819770167833333,17.584610372083333,27184.217154166665,80.5464789575,1266.4044004999998,118542.6466775,727.2397953666667,31.314085648333332,16.093489838083332,45.78005693833333,22.488935814166666,9.222212864666666,6.419425069,15.64163793425,39.83435608833333,47.262160576666666,8.381967886833333,5.15098048825,1.6379381552499999,93.9933700275,2.907967283,0.4323459815,0.10919423758333334,0.013997219583333333,0.22092765908333334,2.3227929816666664,1.0709090469166667,23.4807125825,19.787878711416667,0.21384926433333332,30.0223510875,6.551472249666666,8.462857141583333,39.79352276583334,6.463339209,7.447885994
WY,4541.763889,26.713541665,44.180238095,10.078431371,10.02352941,8.262745098,11.439019605,12.84490196,12.789607839999999,17.68627451,13.868235295,3.016078431,48.860588234999994,51.139411765000006,62.68509804,11.772156865,17.017058825,8.534509805499999,2.8694537815,55.52079832,67697.883335,2.2031372545,2.759607843,8.054901959,4.7672549019999995,2.178039216,10.8068627435,6.9384313725,18.955490195,13.103137255,15.634117645,14.6019607865,30.23607843,38734.097905,79.99529412000001,1797.027778,204108.6875,803.91666665,23.482857144999997,7.2235294119999995,31.72352941,40.236470589999996,14.380196075,6.43627451,20.81647059,44.201666665,59.023725490000004,3.1129464285,12.340833335,7.673333335000001,95.71352941,0.21235294100000002,0.277647059,0.6268627455,0.052941176500000006,0.5668627455,2.5590196075,3.8803921569999997,15.323529409999999,9.930980393999999,0.3033333335,24.115909090000002,13.274117645,7.566470588,41.68174672,3.02454688,5.923916051000001
